"name","description","based_in","available_for","specialist_topics","interests","price_per_hour"
"Liam Wilson","With a career spanning over two decades, I am an accomplished actor known for my versatile performances in both film and theater. I have portrayed a wide range of characters, captivating audiences with my depth and authenticity. I am dedicated to bringing compelling stories to life.","Sydney, Australia","Film,Theater,Television,Voice Acting,Public Appearances","Acting,Character Development","Cinema,Literature,Travel","AUD 300"
"Emily Thompson","As a renowned fashion designer based in Melbourne, I have made waves in the industry with my bold and innovative designs. I draw inspiration from art, culture, and nature to create unique collections that empower individuals to express their personal style.","Melbourne, Australia","Fashion Shows,Brand Collaborations,Fashion Consultations,Editorial Shoots,Fashion Events","Fashion Design,Creative Styling","Art,Travel,Sustainable Fashion","AUD 250"
"Olivia Davies","With a passion for music and a soulful voice, I have established myself as a prominent singer-songwriter in the Australian music scene. My heartfelt lyrics and captivating melodies have resonated with listeners, and I strive to create music that touches hearts and inspires connection.","Brisbane, Australia","Concert Performances,Music Collaborations,Songwriting,Studio Sessions,Music Festivals","Music Composition,Lyricism","Music,Nature,Philanthropy","AUD 200"
"Joshua Lee","As an acclaimed chef based in Melbourne, I am passionate about showcasing the diverse flavors of Australian cuisine. With a focus on local and seasonal ingredients, I create culinary experiences that delight the senses and celebrate the rich food culture of Australia.","Melbourne, Australia","Cooking Demonstrations,Food Festivals,Private Dining,TV Appearances,Culinary Consultations","Australian Cuisine,Farm-to-Table Cooking","Food,Travel,Photography","AUD 350"
"Sophie Nguyen","With a deep understanding of the business world, I am a highly sought-after corporate speaker and leadership coach. I help individuals and organizations develop effective strategies, foster a culture of innovation, and unlock their full potential for success.","Sydney, Australia","Keynote Speeches,Leadership Workshops,Corporate Retreats,Panel Discussions,Consulting","Business Strategy,Leadership Development","Personal Growth,Travel,Philanthropy","AUD 500"
"Benjamin Scott","With a knack for storytelling and a passion for filmmaking, I am an acclaimed director based in Sydney. My films have garnered critical acclaim and international recognition, exploring a wide range of genres and pushing the boundaries of visual storytelling.","Sydney, Australia","Film Directing,Screenwriting,Film Festivals,Workshops,Film Premieres","Filmmaking,Visual Storytelling","Cinema,Art,Travel","AUD 400"
"Isabella Murray","As a respected journalist based in Melbourne, I am committed to uncovering the truth and shedding light on important stories. With a keen eye for detail and a passion for investigative reporting, I strive to make a meaningful impact through my work.","Melbourne, Australia","Documentaries,News Reporting,Panel Discussions,Keynote Speeches,Writing Engagements","Investigative Journalism,Current Affairs","Reading,Social Issues,Environmental Activism","AUD 300"
"Matthew Taylor","With a background in sports and fitness, I am a renowned personal trainer and wellness coach based in Perth. I am dedicated to helping individuals achieve their health and fitness goals through personalized training programs and holistic lifestyle approaches.","Perth, Australia","Personal Training,Group Fitness Classes,Wellness Retreats,Health Workshops,Fitness Consultations","Fitness Training,Nutrition","Sports,Nutrition,Outdoor Activities","AUD 200"
"Emily Chen","As a renowned author based in Sydney, I have captivated readers with my compelling stories and vivid imagination. My books span across various genres, from heartwarming romance to gripping thrillers, and I aim to transport readers into immersive worlds through my writing.","Sydney, Australia","Book Signings,Literary Festivals,Writing Workshops,Author Talks,Book Club Engagements","Creative Writing,Storytelling","Literature,Travel,Nature","AUD 250"
"Daniel Roberts","With a background in marine biology and a passion for ocean conservation, I am dedicated to raising awareness about environmental issues and promoting sustainable practices. Through engaging presentations and educational initiatives, I strive to inspire individuals to protect our oceans and marine life.","Gold Coast, Australia","Environmental Talks,Marine Conservation Events,Educational Workshops,Research Collaborations,Ocean Cleanup Initiatives","Marine Biology,Ocean Conservation","Scuba Diving,Surfing,Outdoor Adventures","AUD 300"
"Sophia Evans","As an accomplished ballet dancer, I have graced prestigious stages around the world with my grace and precision. With a deep passion for dance and a dedication to the art form, I aim to inspire audiences and push the boundaries of classical ballet.","Melbourne, Australia","Ballet Performances,Guest Appearances,Workshops,Masterclasses,Choreography Collaborations","Classical Ballet,Dance Technique","Art,Music,Fitness","AUD 400"
"Maxwell Cooper","With a soulful voice and a passion for music, I have established myself as a sought-after singer-songwriter in the Australian music scene. From heartfelt ballads to energetic pop tunes, I aim to connect with listeners through authentic and emotive performances.","Sydney, Australia","Concert Performances,Music Collaborations,Songwriting,Studio Sessions,Music Festivals","Songwriting,Vocal Performance","Music,Travel,Nature","AUD 250"
"Isabella Taylor","As an acclaimed fashion photographer, I have captured iconic images that have graced the pages of top fashion magazines. With an eye for style and a talent for storytelling, I create visually stunning and captivating photographs that evoke emotion and push artistic boundaries.","Melbourne, Australia","Fashion Editorials,Advertising Campaigns,Portrait Photography,Art Exhibitions,Photography Workshops","Fashion Photography,Creative Lighting","Art,Fashion,Travel","AUD 350"
"Noah Mitchell","As an acclaimed stand-up comedian, I have brought laughter to audiences across Australia with my unique blend of humor and wit. With a keen observational eye and a talent for storytelling, I create comedic experiences that entertain and uplift.","Sydney, Australia","Stand-up Comedy Shows,Comedy Festivals,Corporate Events,TV Appearances,Podcast Interviews","Comedy,Storytelling","Film,Music,Travel","AUD 300"
"Ella Cooper","As a renowned visual artist, I create thought-provoking and visually stunning artworks that explore themes of identity, culture, and social issues. My works have been exhibited in galleries around the world, sparking conversations and challenging perceptions.","Melbourne, Australia","Art Exhibitions,Public Art Installations,Artist Talks,Workshops,Collaborative Projects","Visual Art,Conceptual Art","Culture,Nature,Philosophy","AUD 400"
"Jacob Wilson","With a passion for adventure and exploration, I have established myself as an acclaimed travel writer and photographer. Through my captivating stories and stunning visuals, I aim to inspire others to embrace the beauty and diversity of the world and embark on their own transformative journeys.","Sydney, Australia","Travel Writing,Photography Assignments,Destination Features,Travel Workshops,Digital Content Creation","Travel,Adventure Photography","Outdoor Adventures,Cultural Immersion,Sustainability","AUD 300"
"Ava Lewis","As a celebrated chef and restaurateur, I am passionate about creating exceptional dining experiences that celebrate local flavors and sustainable practices. With a focus on farm-to-table cuisine and culinary innovation, I aim to tantalize taste buds and promote a more conscious approach to food.","Melbourne, Australia","Restaurant Consultations,Culinary Events,Cooking Classes,Food Festivals,Menu Development","Gourmet Cuisine,Sustainable Cooking","Food,Travel,Community Engagement","AUD 400"
"Mia Roberts","With a background in psychology and a passion for personal development, I am a renowned life coach based in Sydney. I am dedicated to empowering individuals to unlock their full potential, achieve their goals, and live a fulfilling and purpose-driven life.","Sydney, Australia","Life Coaching,Motivational Speaking,Workshops,Retreats,Online Courses","Personal Development,Goal Setting","Psychology,Mindfulness,Wellness","AUD 250"
"Oscar Turner","With a deep passion for wildlife and conservation, I am a respected wildlife photographer based in Perth. Through my lens, I capture the beauty and vulnerability of endangered species, aiming to raise awareness and inspire action to protect our natural world.","Perth, Australia","Wildlife Photography,Conservation Campaigns,Photography Exhibitions,Educational Workshops,Nature Documentaries","Wildlife Conservation,Nature Photography","Nature,Travel,Environmental Advocacy","AUD 300"
"Zoe Walker","As a highly skilled contemporary dancer, I have mesmerized audiences with my expressive movements and dynamic performances. With a commitment to pushing the boundaries of dance, I aim to evoke emotion and ignite a sense of wonder through my artistry.","Melbourne, Australia","Contemporary Dance Performances,Choreography Collaborations,Dance Workshops,Artist Residencies,Site-Specific Performances","Contemporary Dance,Movement Exploration","Art,Music,Body-Mind Connection","AUD 350"
"Lucas Anderson","With a charismatic stage presence and a powerful voice, I am a versatile singer and performer known for my captivating live performances. Whether it's soulful ballads or energetic pop hits, I bring passion and emotion to every song.","Brisbane, Australia","Concert Performances,Music Collaborations,Wedding Ceremonies,Corporate Events,Private Parties","Vocal Performance,Stage Presence","Music,Travel,Fitness","AUD 500"
"Eva Clarke","As an acclaimed author and storyteller, I bring characters and worlds to life through the power of words. With a knack for crafting immersive narratives, I transport readers on unforgettable journeys of imagination and discovery.","Sydney, Australia","Book Readings,Storytelling Sessions,Writing Workshops,Literary Festivals,School Visits","Creative Writing,Story Development","Literature,History,Nature","AUD 200"
"Oliver Hughes","With a deep passion for photography and a keen eye for detail, I am a sought-after professional photographer specializing in landscape and nature photography. Through my lens, I capture breathtaking moments and showcase the beauty of the natural world.","Melbourne, Australia","Photography Assignments,Print Sales,Workshops,Exhibitions,Fine Art Commissions","Landscape Photography,Nature Conservation","Travel,Outdoor Adventures,Conservation","AUD 300"
"Mia Patel","As a renowned fashion stylist, I have an impeccable eye for style and a talent for creating captivating fashion ensembles. I curate unique looks that reflect individuality and inspire confidence, whether it's for editorial shoots, red carpet events, or personal styling consultations.","Sydney, Australia","Fashion Styling,Editorial Shoots,Red Carpet Events,Personal Shopping,Fashion Consultations","Fashion Styling,Trend Forecasting","Fashion,Art,Travel","AUD 350"
"Harper White","With a passion for entrepreneurship and innovation, I have founded successful startups and guided aspiring entrepreneurs on their journeys. Through my consulting services, I help individuals and businesses develop strategies for growth, success, and impact.","Melbourne, Australia","Startup Consulting,Entrepreneurship Workshops,Business Mentoring,Pitch Coaching,Innovation Events","Entrepreneurship,Business Strategy","Technology,Startups,Social Impact","AUD 1000"
"Ethan Harris","As an acclaimed film editor, I bring stories to life through the art of editing. With a keen understanding of pacing, rhythm, and visual storytelling, I create seamless and captivating narratives that captivate audiences and leave a lasting impact.","Sydney, Australia","Film Editing,Video Post-Production,Creative Consultations,Workshops,Film Festivals","Film Editing,Visual Storytelling","Cinema,Technology,Music","AUD 800"
"Ava Thompson","As a renowned makeup artist, I have a passion for enhancing natural beauty and creating stunning transformations. From bridal looks to editorial shoots, I bring creativity, precision, and a touch of glamour to every makeup application.","Melbourne, Australia","Makeup Artistry,Bridal Makeup,Editorial Shoots,Fashion Shows,Makeup Workshops","Makeup Artistry,Beauty Trends","Fashion,Beauty,Art","AUD 150"
"William King","With a natural talent for public speaking and a wealth of knowledge in personal development, I inspire and motivate audiences to reach their full potential. Through captivating speeches and interactive workshops, I empower individuals to overcome challenges and achieve success.","Brisbane, Australia","Keynote Speeches,Motivational Seminars,Corporate Training,Educational Events,Conferences","Public Speaking,Personal Development","Psychology,Leadership,Travel","AUD 3000"
"Grace Turner","With a background in interior design and a keen eye for aesthetics, I create functional and stylish spaces that reflect my clients' vision and lifestyle. Whether it's residential or commercial projects, I bring creativity and attention to detail to every design endeavor.","Sydney, Australia","Interior Design,Space Planning,Color Consultations,Renovations,Styling","Interior Design,Home DÃ©cor","Art,Architecture,Travel","AUD 500"
"Logan Mitchell","As a professional dancer and choreographer, I bring passion and creativity to the world of dance. From contemporary and hip-hop to ballet and jazz, I choreograph captivating routines that fuse technical precision with emotional expression.","Melbourne, Australia","Choreography,Dance Performances,Workshops,Dance Competitions,Collaborations","Contemporary Dance,Choreography","Music,Art,Fitness","AUD 400"
